,l1,age,sex,aoa,method,n_years,id,id2,group,langgroup,native,color,username,language,nativeness,usuk,index,emb0,emb1,emb2,emb3,emb4,emb5,emb6,emb7
3317,dutch,35.0,female,12.0,academic,0.1,896,dutch8,dutch,germanic,False,#b2df8a,gmu00896,dutch,nonnative,nonnative,000,2.9722983837127686,1.509589672088623,1.6532649993896484,0.6502015590667725,0.8363208770751953,0.609467089176178,0.6092256307601929,0.6092552542686462
3371,dutch,54.0,female,13.0,academic,11.0,770,dutch5,dutch,germanic,False,#b2df8a,gmu00770,dutch,nonnative,nonnative,001,3.179680824279785,1.5077948570251465,1.5505191087722778,0.6566267609596252,0.841023862361908,0.6117731332778931,0.6115626096725464,0.6114768981933594
3828,dutch,23.0,female,13.0,academic,0.0,1266,dutch22,dutch,germanic,False,#b2df8a,gmu01266,dutch,nonnative,nonnative,002,2.951737880706787,1.3636857271194458,1.7627923488616943,1.2815170288085938,0.8426257371902466,0.6104656457901001,0.610191822052002,0.6102583408355713
4534,dutch,21.0,female,13.0,academic,0.0,1265,dutch21,dutch,germanic,False,#b2df8a,gmu01265,dutch,nonnative,nonnative,003,2.9397730827331543,1.51445472240448,1.8482681512832642,0.6568517684936523,1.173302412033081,0.6144368648529053,0.6140418648719788,0.6140983700752258
2586,dutch,23.0,female,12.0,academic,0.0,1260,dutch16,dutch,germanic,False,#b2df8a,gmu01260,dutch,nonnative,nonnative,004,2.8357417583465576,1.5284416675567627,1.8831983804702759,0.6534979939460754,0.8422974348068237,0.6117757558822632,0.6115138530731201,0.6115760207176208
4232,dutch,42.0,female,12.0,academic,6.0,2249,dutch49,dutch,germanic,False,#b2df8a,gmu02249,dutch,nonnative,nonnative,005,2.747342109680176,1.5915796756744385,2.5086417198181152,0.6545177698135376,0.8451848030090332,0.6118921041488647,0.6117971539497375,0.6118771433830261
3680,dutch,21.0,female,12.0,academic,0.0,1740,dutch44,dutch,germanic,False,#b2df8a,gmu01740,dutch,nonnative,nonnative,006,2.6886510848999023,1.7035999298095703,2.286660671234131,0.6487371921539307,0.8452830910682678,0.6116952896118164,0.6114393472671509,0.6114802360534668
4323,dutch,23.0,female,13.0,academic,0.0,1463,dutch31,dutch,germanic,False,#b2df8a,gmu01463,dutch,nonnative,nonnative,007,3.008352756500244,1.285466194152832,1.8427037000656128,0.6578992009162903,1.6966572999954224,0.611717939376831,0.6115997433662415,0.6116300821304321
3048,dutch,22.0,female,11.0,academic,0.0,1263,dutch19,dutch,germanic,False,#b2df8a,gmu01263,dutch,nonnative,nonnative,008,2.7156920433044434,1.5243701934814453,1.8373266458511353,0.6549490690231323,0.8440977334976196,0.6121342182159424,0.6119527220726013,0.6118640899658203
2717,dutch,33.0,female,10.0,academic,0.5,1003,dutch13,dutch,germanic,False,#b2df8a,gmu01003,dutch,nonnative,nonnative,009,2.609683036804199,1.780468225479126,1.820068120956421,0.6544692516326904,0.8404585719108582,0.6106968522071838,0.6104122996330261,0.6104695796966553
2641,dutch,36.0,male,10.0,academic,0.5,956,dutch12,dutch,germanic,False,#b2df8a,gmu00956,dutch,nonnative,nonnative,010,2.74522066116333,1.7815208435058594,0.6234652400016785,0.6665088534355164,0.8990058302879333,0.6946285963058472,0.6946823000907898,0.6946592926979065
3052,dutch,25.0,male,9.0,academic,0.0,1484,dutch40,dutch,germanic,False,#b2df8a,gmu01484,dutch,nonnative,nonnative,011,2.886385917663574,1.8923366069793701,0.6238781809806824,0.6652171015739441,1.194149374961853,0.6945697665214539,0.6945992112159729,0.6946226954460144
3267,dutch,23.0,male,14.0,academic,0.0,1262,dutch18,dutch,germanic,False,#b2df8a,gmu01262,dutch,nonnative,nonnative,012,2.589838981628418,1.7814549207687378,0.6234308481216431,0.6629824042320251,1.1971477270126343,0.6948201060295105,0.694854199886322,0.694822371006012
4350,dutch,36.0,male,8.0,academic,13.5,1551,dutch42,dutch,germanic,False,#b2df8a,gmu01551,dutch,nonnative,nonnative,013,2.781571388244629,2.11177396774292,0.6226004958152771,0.6653581857681274,1.1970875263214111,0.6937105655670166,0.6937806606292725,0.6937559247016907
3410,dutch,21.0,male,11.0,academic,0.5,1705,dutch43,dutch,germanic,False,#b2df8a,gmu01705,dutch,nonnative,nonnative,014,2.824254035949707,1.7676715850830078,0.624203085899353,0.6618358492851257,1.137330412864685,0.6927210688591003,0.6927005052566528,0.6926531195640564
3967,dutch,22.0,male,2.0,naturalistic,0.0,1742,dutch45,dutch,germanic,False,#b2df8a,gmu01742,dutch,nonnative,nonnative,015,3.3719258308410645,1.0853325128555298,0.627611517906189,0.6669844388961792,1.880303144454956,0.694672167301178,0.6947799324989319,0.6947035193443298
2559,dutch,35.0,male,9.5,academic,0.0,2261,dutch50,dutch,germanic,False,#b2df8a,gmu02261,dutch,nonnative,nonnative,016,2.759507656097412,1.5619922876358032,0.6251580119132996,0.6667975783348083,1.462945580482483,0.6953177452087402,0.695260226726532,0.6953988075256348
2442,dutch,21.0,male,14.0,academic,0.0,1464,dutch32,dutch,germanic,False,#b2df8a,gmu01464,dutch,nonnative,nonnative,017,2.849148750305176,1.757099986076355,0.6259928345680237,0.6669517755508423,0.8604270219802856,0.6949139833450317,0.6947423815727234,0.6946916580200195
4135,dutch,23.0,male,13.0,academic,0.0,1268,dutch23,dutch,germanic,False,#b2df8a,gmu01268,dutch,nonnative,nonnative,018,3.0943567752838135,1.7630527019500732,0.6204625964164734,0.6698177456855774,1.0366379022598267,0.6934592127799988,0.6932430863380432,0.6933621168136597
2977,dutch,50.0,male,12.0,academic,6.0,2248,dutch48,dutch,germanic,False,#b2df8a,gmu02248,dutch,nonnative,nonnative,019,2.80863356590271,2.0178983211517334,0.6237885355949402,0.6701332926750183,1.204184889793396,0.6938937306404114,0.6938658952713013,0.693835973739624
2506,english,37.0,female,0.0,naturalistic,37.0,1554,english456,english_uk,english,True,#1f78b4,gmu01554,english,native,english_uk,020,2.9646639823913574,0.626730740070343,1.8566951751708984,0.8699571490287781,2.3795857429504395,0.612970769405365,0.612817108631134,0.6128286123275757
2976,english,22.0,female,0.0,naturalistic,22.0,1502,english440,english_uk,english,True,#1f78b4,gmu01502,english,native,english_uk,021,1.8652716875076294,0.6277661323547363,1.7243916988372803,0.8752484321594238,1.9664143323898315,0.6139342784881592,0.6138052344322205,0.6137228608131409
3350,english,25.0,female,0.0,naturalistic,25.0,1293,english366,english_uk,english,True,#1f78b4,gmu01293,english,native,english_uk,022,2.880394220352173,0.620248556137085,1.853724718093872,0.8602419495582581,1.9155195951461792,0.6116693615913391,0.6112627983093262,0.61126708984375
2963,english,42.0,female,0.0,naturalistic,42.0,773,english227,english_uk,english,True,#1f78b4,gmu00773,english,native,english_uk,023,2.735649585723877,0.6260532140731812,1.810990810394287,0.8665885329246521,3.0475082397460938,0.6114681959152222,0.6113367080688477,0.6113119721412659
4008,english,22.0,female,0.0,naturalistic,22.0,1688,english487,english_uk,english,True,#1f78b4,gmu01688,english,native,english_uk,024,2.8423750400543213,0.5690140128135681,1.8601549863815308,0.8702023029327393,1.5839790105819702,0.6129814386367798,0.6126974821090698,0.6129289269447327
2871,english,37.0,female,0.0,naturalistic,22.0,1108,english310,english_uk,english,True,#1f78b4,gmu01108,english,native,english_uk,025,2.4835586547851562,0.724933922290802,1.864005446434021,0.8739176988601685,1.950413703918457,0.6132752299308777,0.61307692527771,0.6130384802818298
2807,english,24.0,female,0.0,naturalistic,24.0,1093,english306,english_uk,english,True,#1f78b4,gmu01093,english,native,english_uk,026,3.062380075454712,0.6222139596939087,2.1941275596618652,0.8749343752861023,1.9626390933990479,0.611085832118988,0.610828161239624,0.6108917593955994
3876,english,35.0,female,0.0,naturalistic,35.0,680,english206,english_uk,english,True,#1f78b4,gmu00680,english,native,english_uk,027,2.8765034675598145,0.623538613319397,1.8701587915420532,0.8747378587722778,2.097170829772949,0.6129748225212097,0.612655520439148,0.6127253770828247
3322,english,35.0,female,0.0,naturalistic,35.0,1692,english488,english_uk,english,True,#1f78b4,gmu01692,english,native,english_uk,028,2.9327914714813232,0.6284791231155396,1.8667075634002686,0.8717013597488403,1.5965827703475952,0.6133913993835449,0.6131388545036316,0.6130374073982239
4565,english,59.0,female,0.0,naturalistic,59.0,774,english228,english_uk,english,True,#1f78b4,gmu00774,english,native,english_uk,029,3.043989419937134,0.7102774381637573,1.930259108543396,1.5760592222213745,1.8501559495925903,0.6139547824859619,0.6137539148330688,0.6137545108795166
3298,english,22.0,male,0.0,naturalistic,22.0,2081,english566,english_uk,english,True,#1f78b4,gmu02081,english,native,english_uk,030,3.181739091873169,0.7814804911613464,0.6415220499038696,0.8945584297180176,2.4791388511657715,0.6963745951652527,0.696318507194519,0.6963627934455872
4297,english,45.0,male,0.0,naturalistic,45.0,754,english221,english_uk,english,True,#1f78b4,gmu00754,english,native,english_uk,031,3.0334866046905518,0.906129002571106,0.6375813484191895,0.8888917565345764,1.2007383108139038,0.6988778114318848,0.698841392993927,0.6988162398338318
4560,english,21.0,male,0.0,naturalistic,20.0,1642,english470,english_uk,english,True,#1f78b4,gmu01642,english,native,english_uk,032,2.955320358276367,0.7885564565658569,0.6396027207374573,0.8885800838470459,2.507582187652588,0.6958824992179871,0.6958657503128052,0.6959834098815918
4540,english,43.0,male,0.0,naturalistic,43.0,1295,english368,english_uk,english,True,#1f78b4,gmu01295,english,native,english_uk,033,3.4083855152130127,0.6734647154808044,0.6394957900047302,0.886019766330719,2.4666988849639893,0.6955474019050598,0.6957289576530457,0.6956654787063599
2862,english,60.0,male,0.0,naturalistic,60.0,2187,english582,english_uk,english,True,#1f78b4,gmu02187,english,native,english_uk,034,2.143395185470581,0.8493812680244446,0.6380651593208313,0.8879599571228027,2.6264705657958984,0.6964903473854065,0.6965842843055725,0.6965981125831604
4466,english,34.0,male,0.0,naturalistic,34.0,1101,english308,english_uk,english,True,#1f78b4,gmu01101,english,native,english_uk,035,3.012995481491089,1.2254201173782349,0.6338381767272949,0.8940280079841614,1.9076404571533203,0.699079155921936,0.6990955471992493,0.6991076469421387
3028,english,55.0,male,0.0,naturalistic,55.0,2735,english620,english_uk,english,True,#1f78b4,gmu02735,english,native,english_uk,036,1.9044263362884521,1.4450534582138062,0.637286365032196,0.890815258026123,2.468109607696533,0.6959770321846008,0.6959884762763977,0.6959915161132812
2869,english,60.0,male,0.0,naturalistic,60.0,2171,english578,english_uk,english,True,#1f78b4,gmu02171,english,native,english_uk,037,3.091092109680176,0.7851308584213257,0.642937421798706,1.0166150331497192,2.4712438583374023,0.696640133857727,0.6966471076011658,0.6966342329978943
2634,english,48.0,male,0.0,naturalistic,21.0,2362,english589,english_uk,english,True,#1f78b4,gmu02362,english,native,english_uk,038,3.287357807159424,0.7906628251075745,0.585858166217804,0.8865852355957031,2.4647951126098633,0.6956062912940979,0.6955456733703613,0.6955227255821228
3170,english,38.0,male,0.0,naturalistic,38.0,772,english226,english_uk,english,True,#1f78b4,gmu00772,english,native,english_uk,039,3.1901092529296875,0.8279179930686951,0.6366690993309021,0.8919358253479004,2.625990867614746,0.6966663599014282,0.6966797709465027,0.6967198848724365
2623,english,21.0,female,0.0,naturalistic,21.0,2895,english630,english_us,english,True,#a6cee3,gmu02895,english,native,english_us,040,3.358194589614868,0.36614277958869934,2.146885395050049,1.9916410446166992,0.6669219732284546,0.6140243411064148,0.613836944103241,0.6138688325881958
2796,english,32.0,female,0.0,naturalistic,29.0,1214,english333,english_us,english,True,#a6cee3,gmu01214,english,native,english_us,041,2.9968345165252686,0.36593589186668396,1.8937835693359375,2.1849215030670166,0.6610607504844666,0.6141393780708313,0.6139636039733887,0.6140842437744141
4335,english,29.0,female,0.0,naturalistic,26.0,1928,english531,english_us,english,True,#a6cee3,gmu01928,english,native,english_us,042,3.495302677154541,0.3667963743209839,1.8956438302993774,1.965936541557312,0.6607602834701538,0.6141163110733032,0.6139788627624512,0.6138783693313599
2469,english,30.0,female,0.0,naturalistic,30.0,2061,english562,english_us,english,True,#a6cee3,gmu02061,english,native,english_us,043,3.1510255336761475,0.36234045028686523,1.8957446813583374,1.9758623838424683,0.663659930229187,0.6147564649581909,0.6145298480987549,0.6145521402359009
4005,english,45.0,female,0.0,naturalistic,45.0,1086,english303,english_us,english,True,#a6cee3,gmu01086,english,native,english_us,044,3.3359477519989014,0.3668185770511627,1.9277687072753906,1.9403676986694336,0.6661227345466614,0.614562451839447,0.614346444606781,0.6143954396247864
2608,english,25.0,female,0.0,naturalistic,25.0,2922,english640,english_us,english,True,#a6cee3,gmu02922,english,native,english_us,045,3.4915895462036133,0.36625048518180847,1.8985122442245483,2.1012392044067383,0.6654506921768188,0.6129679083824158,0.6129162311553955,0.6126863956451416
4175,english,22.0,female,0.0,naturalistic,22.0,1559,english458,english_us,english,True,#a6cee3,gmu01559,english,native,english_us,046,3.3291656970977783,0.3667363226413727,1.7385530471801758,2.033616304397583,0.6653900146484375,0.6136096119880676,0.6134543418884277,0.6133516430854797
2760,english,26.0,female,0.0,naturalistic,26.0,1371,english411,english_us,english,True,#a6cee3,gmu01371,english,native,english_us,047,3.353288412094116,0.3696615993976593,1.91129732131958,1.9611743688583374,0.6724688410758972,0.615602433681488,0.6153685450553894,0.6153212189674377
3549,english,58.0,female,0.0,naturalistic,58.0,1337,english393,english_us,english,True,#a6cee3,gmu01337,english,native,english_us,048,3.084606409072876,0.3673125207424164,1.8663724660873413,1.9751454591751099,0.6653605699539185,0.6160352826118469,0.6158729791641235,0.6158686876296997
4078,english,59.0,female,0.0,naturalistic,59.0,875,english261,english_us,english,True,#a6cee3,gmu00875,english,native,english_us,049,2.3705573081970215,0.36699891090393066,1.894817590713501,1.9742990732192993,0.667830228805542,0.6138983368873596,0.6136608123779297,0.6135815978050232
3721,english,21.0,male,0.0,naturalistic,21.0,2932,english645,english_us,english,True,#a6cee3,gmu02932,english,native,english_us,050,3.539742946624756,0.48015105724334717,0.6587883234024048,1.9640425443649292,0.9810950756072998,0.6997520923614502,0.699774444103241,0.6997156143188477
3993,english,51.0,male,0.0,naturalistic,48.0,2121,english572,english_us,english,True,#a6cee3,gmu02121,english,native,english_us,051,3.531257152557373,0.480891615152359,0.6573807001113892,1.9914085865020752,0.9788377285003662,0.698199987411499,0.6981909275054932,0.6981797814369202
3420,english,26.0,male,0.0,naturalistic,26.0,737,english214,english_us,english,True,#a6cee3,gmu00737,english,native,english_us,052,2.998713970184326,0.504727840423584,0.6996957063674927,1.9964606761932373,0.9755761623382568,0.6974881291389465,0.6974720358848572,0.6975702047348022
4564,english,30.0,male,0.0,naturalistic,30.0,720,english211,english_us,english,True,#a6cee3,gmu00720,english,native,english_us,053,3.7696189880371094,0.47646769881248474,0.6580557823181152,1.9595690965652466,0.9725446105003357,0.6978821754455566,0.6976497173309326,0.6976879835128784
4358,english,30.0,male,0.0,naturalistic,30.0,1640,english468,english_us,english,True,#a6cee3,gmu01640,english,native,english_us,054,3.3345205783843994,0.47975996136665344,0.6577365398406982,1.995819091796875,0.9750521183013916,0.6967810392379761,0.6968255639076233,0.6968119144439697
2690,english,55.0,male,0.0,naturalistic,55.0,2855,english628,english_us,english,True,#a6cee3,gmu02855,english,native,english_us,055,3.555532932281494,0.47619345784187317,0.6588839292526245,2.703770160675049,0.9845835566520691,0.6977189779281616,0.6976400017738342,0.6976969242095947
3061,english,32.0,male,0.0,naturalistic,32.0,1176,english325,english_us,english,True,#a6cee3,gmu01176,english,native,english_us,056,3.477505922317505,0.47958073019981384,0.6599655747413635,1.9994045495986938,0.9793338775634766,0.6969406008720398,0.6968794465065002,0.6969404220581055
2537,english,28.0,male,0.0,naturalistic,28.0,1119,english313,english_us,english,True,#a6cee3,gmu01119,english,native,english_us,057,3.624797821044922,0.4818216860294342,0.6607230305671692,1.9909271001815796,1.0956816673278809,0.6990450024604797,0.6989721655845642,0.6989821791648865
4340,english,38.0,male,0.0,naturalistic,38.0,734,english213,english_us,english,True,#a6cee3,gmu00734,english,native,english_us,058,3.320751905441284,0.4219857454299927,0.656515896320343,2.1342170238494873,0.9827104210853577,0.6964291334152222,0.6965633034706116,0.6964403986930847
4514,english,31.0,male,0.0,naturalistic,31.0,1390,english422,english_us,english,True,#a6cee3,gmu01390,english,native,english_us,059,3.802506446838379,0.477437824010849,0.6271824240684509,1.9961961507797241,0.9787505865097046,0.6977392435073853,0.6976984739303589,0.6976776123046875
4542,french,27.0,female,11.0,naturalistic,4.0,917,french26,french,romance,False,#fdbf6f,gmu00917,french,nonnative,nonnative,060,3.2544498443603516,1.5139100551605225,1.7578552961349487,1.1224048137664795,0.6129031777381897,0.6086196899414062,0.6080787777900696,0.6081176400184631
3252,french,23.0,female,14.0,academic,1.0,629,french14,french,romance,False,#fdbf6f,gmu00629,french,nonnative,nonnative,061,2.3853085041046143,1.9523051977157593,1.7608764171600342,1.126760721206665,0.6638846397399902,0.6091781258583069,0.6091371178627014,0.6091449856758118
4199,french,53.0,female,11.0,academic,14.0,2497,french67,french,romance,False,#fdbf6f,gmu02497,french,nonnative,nonnative,062,1.4622516632080078,2.374699831008911,1.5029821395874023,1.1250141859054565,0.6652335524559021,0.6088089942932129,0.6086283922195435,0.608741044998169
3501,french,63.0,female,12.0,academic,63.0,2782,french74,french,romance,False,#fdbf6f,gmu02782,french,nonnative,nonnative,063,2.285440444946289,2.095717430114746,1.641526460647583,1.117733359336853,0.6615592837333679,0.6054397821426392,0.6052491068840027,0.605226993560791
3148,french,42.0,female,11.0,academic,42.0,2787,french79,french,romance,False,#fdbf6f,gmu02787,french,nonnative,nonnative,064,2.5880589485168457,1.9480005502700806,1.7657209634780884,1.1234204769134521,0.6768212914466858,0.6099230051040649,0.6098169684410095,0.6098001599311829
3478,french,54.0,female,10.0,academic,26.0,1021,french29,french,romance,False,#fdbf6f,gmu01021,french,nonnative,nonnative,065,2.306492805480957,1.8080549240112305,1.89284086227417,1.1204826831817627,0.6633620262145996,0.6086493134498596,0.6085600852966309,0.6084218621253967
2705,french,32.0,female,10.0,academic,1.5,1304,french36,french,romance,False,#fdbf6f,gmu01304,french,nonnative,nonnative,066,3.1863017082214355,1.2883362770080566,1.7280508279800415,1.1137317419052124,0.6670417785644531,0.6102938652038574,0.6101756691932678,0.6102951765060425
3846,french,44.0,female,13.5,academic,1.0,1429,french40,french,romance,False,#fdbf6f,gmu01429,french,nonnative,nonnative,067,2.5772786140441895,1.6635732650756836,1.8091018199920654,1.1216243505477905,1.19028639793396,0.6077806949615479,0.6076358556747437,0.6075432896614075
4417,french,21.0,female,20.0,naturalistic,1.0,2030,french62,french,romance,False,#fdbf6f,gmu02030,french,nonnative,nonnative,068,1.8385348320007324,2.545254945755005,1.9030275344848633,1.1180329322814941,0.6015449166297913,0.610318660736084,0.6104138493537903,0.6101976633071899
4348,french,54.0,female,9.0,academic,25.0,2473,french66,french,romance,False,#fdbf6f,gmu02473,french,nonnative,nonnative,069,2.3047988414764404,1.9611762762069702,1.5958243608474731,1.0741283893585205,0.6690621972084045,0.6097534894943237,0.6096240282058716,0.6096039414405823
3899,french,39.0,male,12.0,academic,1.0,1729,french49,french,romance,False,#fdbf6f,gmu01729,french,nonnative,nonnative,070,2.445591449737549,2.238372564315796,0.581353485584259,1.1352875232696533,0.9761186838150024,0.6916408538818359,0.6917762160301208,0.6917798519134521
2882,french,27.0,male,10.0,academic,0.0,1189,french35,french,romance,False,#fdbf6f,gmu01189,french,nonnative,nonnative,071,2.7721035480499268,2.3349051475524902,0.5801164507865906,1.269216537475586,1.1307753324508667,0.691564679145813,0.6916509866714478,0.6916829943656921
3859,french,60.0,male,12.0,academic,39.0,2758,french73,french,romance,False,#fdbf6f,gmu02758,french,nonnative,nonnative,072,2.894604206085205,1.7218319177627563,0.7180079817771912,1.3598178625106812,0.9743848443031311,0.690588653087616,0.6906809210777283,0.6907168626785278
4611,french,28.0,male,13.0,academic,0.0,1427,french39,french,romance,False,#fdbf6f,gmu01427,french,nonnative,nonnative,073,1.3504879474639893,2.3768904209136963,0.582720935344696,1.1438376903533936,0.9847819209098816,0.691991925239563,0.6918327212333679,0.6920413970947266
3008,french,22.0,male,10.0,academic,0.0,1643,french46,french,romance,False,#fdbf6f,gmu01643,french,nonnative,nonnative,074,2.4628591537475586,2.203890800476074,0.5803622603416443,1.1373138427734375,0.9724582433700562,0.6901798844337463,0.6902100443840027,0.690274715423584
4484,french,29.0,male,16.0,academic,29.0,2785,french77,french,romance,False,#fdbf6f,gmu02785,french,nonnative,nonnative,075,1.632437825202942,2.236396551132202,0.581947386264801,1.1393969058990479,0.9797637462615967,0.6916853189468384,0.6917744874954224,0.6917146444320679
3511,french,38.0,male,6.0,academic,38.0,2786,french78,french,romance,False,#fdbf6f,gmu02786,french,nonnative,nonnative,076,2.896749258041382,1.817733645439148,0.584639847278595,1.2189955711364746,0.9774693846702576,0.6924877762794495,0.6926077604293823,0.6925602555274963
3270,french,39.0,male,12.0,academic,12.0,755,french19,french,romance,False,#fdbf6f,gmu00755,french,nonnative,nonnative,077,2.6135222911834717,2.403928518295288,0.5806993842124939,1.1403053998947144,0.9774426221847534,0.6925337910652161,0.6923737525939941,0.6923434138298035
4676,french,22.0,male,11.0,academic,0.2,1535,french43,french,romance,False,#fdbf6f,gmu01535,french,nonnative,nonnative,078,2.389261245727539,2.4301936626434326,0.5792596936225891,0.9701384902000427,0.9723684191703796,0.6901789903640747,0.6903350353240967,0.690323531627655
3733,french,32.0,male,12.0,academic,0.0,633,french15,french,romance,False,#fdbf6f,gmu00633,french,nonnative,nonnative,079,1.6591107845306396,2.5402109622955322,0.5833367109298706,1.143617868423462,0.9750548005104065,0.691837728023529,0.6919196248054504,0.691892147064209
4044,german,21.0,female,12.0,academic,2.5,1092,german22,german,germanic,False,#33a02c,gmu01092,german,nonnative,nonnative,080,2.389357328414917,1.225480079650879,2.0175044536590576,0.7095728516578674,0.9161521792411804,0.614551842212677,0.6143391132354736,0.6143215298652649
4293,german,29.0,female,12.0,academic,17.0,1707,german32,german,germanic,False,#33a02c,gmu01707,german,nonnative,nonnative,081,3.1291685104370117,0.9407820105552673,2.655613660812378,0.7159795761108398,0.9181768894195557,0.6189402341842651,0.618728518486023,0.6186675429344177
2927,german,32.0,female,8.0,academic,4.0,1681,german30,german,germanic,False,#33a02c,gmu01681,german,nonnative,nonnative,082,2.747572183609009,1.8173292875289917,2.2401671409606934,0.7097451686859131,0.91349858045578,0.6140329837799072,0.6138768792152405,0.613947331905365
4318,german,21.0,female,10.0,academic,0.2,1685,german31,german,germanic,False,#33a02c,gmu01685,german,nonnative,nonnative,083,2.743443727493286,1.0694260597229004,0.9913309216499329,0.665154218673706,2.028872489929199,0.6162408590316772,0.6162981986999512,0.6161697506904602
2693,german,29.0,female,14.0,academic,5.0,651,german12,german,germanic,False,#33a02c,gmu00651,german,nonnative,nonnative,084,3.339083194732666,1.6078964471817017,2.0174882411956787,0.7101305723190308,0.911133885383606,0.6153299808502197,0.615063488483429,0.6150502562522888
4505,german,53.0,female,12.0,academic,23.0,1619,german29,german,germanic,False,#33a02c,gmu01619,german,nonnative,nonnative,085,2.436305522918701,1.8156133890151978,1.1788445711135864,0.7097519636154175,0.9182844161987305,0.6149823069572449,0.6148344278335571,0.6148937344551086
3192,german,53.0,female,10.0,academic,8.0,882,german17,german,germanic,False,#33a02c,gmu00882,german,nonnative,nonnative,086,3.1734635829925537,1.2258085012435913,1.8998407125473022,0.773344874382019,0.9161465764045715,0.618042528629303,0.6179277896881104,0.6178561449050903
3564,german,30.0,female,10.0,academic,0.25,675,german14,german,germanic,False,#33a02c,gmu00675,german,nonnative,nonnative,087,2.635596752166748,1.445440649986267,2.6928188800811768,0.700727105140686,0.9265556931495667,0.6171340346336365,0.6169424653053284,0.616866946220398
4149,german,51.0,female,11.0,academic,31.0,1972,german35,german,germanic,False,#33a02c,gmu01972,german,nonnative,nonnative,088,2.851105213165283,1.219261646270752,2.015911817550659,0.7076472640037537,0.9137579202651978,0.615817666053772,0.615648627281189,0.6155875325202942
2688,german,50.0,female,5.0,naturalistic,34.0,2591,german38,german,germanic,False,#33a02c,gmu02591,german,nonnative,nonnative,089,3.7560641765594482,1.174280047416687,2.0151944160461426,0.7161188125610352,0.9238799810409546,0.6163974404335022,0.6160662174224854,0.6160334944725037
4287,german,22.0,male,5.0,academic,17.0,2833,german41,german,germanic,False,#33a02c,gmu02833,german,nonnative,nonnative,090,3.281691551208496,1.4698107242584229,0.7306270003318787,0.7264963984489441,1.2913246154785156,0.6982951164245605,0.6984322667121887,0.6982799172401428
4361,german,27.0,male,10.0,academic,0.0,1383,german24,german,germanic,False,#33a02c,gmu01383,german,nonnative,nonnative,091,2.739867687225342,1.4672163724899292,0.7250435948371887,0.7250904440879822,1.2916619777679443,0.6991901397705078,0.6992418169975281,0.6992268562316895
4305,german,29.0,male,6.0,academic,7.0,893,german18,german,germanic,False,#33a02c,gmu00893,german,nonnative,nonnative,092,2.606325626373291,2.0779147148132324,1.291416049003601,0.7238551378250122,1.2865302562713623,0.7001564502716064,0.7000524401664734,0.7002077102661133
2773,german,41.0,male,16.0,academic,0.5,936,german20,german,germanic,False,#33a02c,gmu00936,german,nonnative,nonnative,093,2.6229360103607178,1.3927150964736938,0.7233939170837402,0.7166442275047302,1.2776662111282349,0.6979587078094482,0.6982380151748657,0.6979688405990601
4579,german,28.0,male,11.0,academic,1.0,1879,german34,german,germanic,False,#33a02c,gmu01879,german,nonnative,nonnative,094,2.8929286003112793,1.4592400789260864,0.7278963327407837,0.7261365056037903,1.4637877941131592,0.6988592743873596,0.698968768119812,0.6987583637237549
2904,german,39.0,male,10.0,academic,0.0,1877,german33,german,germanic,False,#33a02c,gmu01877,german,nonnative,nonnative,095,3.089193820953369,1.458436369895935,0.7217998504638672,0.7223607897758484,1.288974642753601,0.69771808385849,0.6977509260177612,0.6977666020393372
4423,german,24.0,male,10.0,academic,0.1,635,german10,german,germanic,False,#33a02c,gmu00635,german,nonnative,nonnative,096,2.8840856552124023,1.5324740409851074,0.7324249148368835,0.7267229557037354,1.2898008823394775,0.6987621784210205,0.6986302733421326,0.698665976524353
3176,german,35.0,male,11.0,academic,8.0,676,german15,german,germanic,False,#33a02c,gmu00676,german,nonnative,nonnative,097,3.2723798751831055,1.5562450885772705,0.732895016670227,0.7224845290184021,1.2867647409439087,0.6968835592269897,0.696902871131897,0.6969854831695557
3211,german,24.0,male,11.0,academic,0.2,1255,german23,german,germanic,False,#33a02c,gmu01255,german,nonnative,nonnative,098,2.8885021209716797,0.6349667310714722,0.7225980162620544,0.7198903560638428,2.1233396530151367,0.6983486413955688,0.698318600654602,0.6983597874641418
3683,german,23.0,male,10.0,academic,0.6,1494,german27,german,germanic,False,#33a02c,gmu01494,german,nonnative,nonnative,099,3.5743672847747803,1.3428112268447876,0.724749743938446,0.7229025959968567,1.2802616357803345,0.697960376739502,0.6980487108230591,0.6980612874031067
3814,polish,34.0,female,16.0,academic,11.0,1918,polish31,polish,slavic,False,#cab2d6,gmu01918,polish,nonnative,nonnative,100,3.5635881423950195,0.9337944984436035,2.395899772644043,0.8415874242782593,0.5195294618606567,0.6140488386154175,0.613788902759552,0.6138356924057007
2635,polish,48.0,female,12.0,academic,23.0,2085,polish34,polish,slavic,False,#cab2d6,gmu02085,polish,nonnative,nonnative,101,2.7048768997192383,1.0621511936187744,1.9264333248138428,0.8382138609886169,0.5202149152755737,0.6139010190963745,0.6139025688171387,0.6137299537658691
3641,polish,53.0,female,4.0,academic,35.0,1625,polish20,polish,slavic,False,#cab2d6,gmu01625,polish,nonnative,nonnative,102,2.724212169647217,1.7637165784835815,1.9205151796340942,0.8368093967437744,0.5180284380912781,0.614960253238678,0.6147359013557434,0.6147922873497009
4333,polish,33.0,female,13.0,academic,9.0,1453,polish17,polish,slavic,False,#cab2d6,gmu01453,polish,nonnative,nonnative,103,2.8597946166992188,1.782272458076477,1.9282904863357544,0.8356163501739502,0.518833339214325,0.6111487746238708,0.610946536064148,0.6108546853065491
3479,polish,25.0,female,9.0,academic,0.0,1245,polish15,polish,slavic,False,#cab2d6,gmu01245,polish,nonnative,nonnative,104,2.2136752605438232,1.7945252656936646,1.92641019821167,0.8393053412437439,0.5197912454605103,0.6141349077224731,0.6139747500419617,0.6140034198760986
4062,polish,22.0,female,5.0,academic,0.0,2525,polish38,polish,slavic,False,#cab2d6,gmu02525,polish,nonnative,nonnative,105,2.6106457710266113,1.8672974109649658,1.9247066974639893,0.8314441442489624,0.5200530290603638,0.6136570572853088,0.6135962009429932,0.6136726140975952
2625,polish,56.0,female,10.0,academic,5.0,843,polish11,polish,slavic,False,#cab2d6,gmu00843,polish,nonnative,nonnative,106,1.9037110805511475,1.9664276838302612,1.9254611730575562,0.8388740420341492,0.5207157135009766,0.6142165660858154,0.6140100359916687,0.6139957308769226
4158,polish,23.0,female,15.0,academic,1.0,841,polish9,polish,slavic,False,#cab2d6,gmu00841,polish,nonnative,nonnative,107,2.545863151550293,1.8210896253585815,2.201584577560425,0.8398072719573975,0.5210202932357788,0.6135555505752563,0.6133996844291687,0.6134558916091919
3699,polish,26.0,female,8.0,academic,2.0,626,polish6,polish,slavic,False,#cab2d6,gmu00626,polish,nonnative,nonnative,108,2.702418327331543,2.1949169635772705,2.1607635021209717,0.8394548296928406,0.5189521908760071,0.6141671538352966,0.6136492490768433,0.6138398051261902
3339,polish,30.0,female,15.0,academic,6.0,842,polish10,polish,slavic,False,#cab2d6,gmu00842,polish,nonnative,nonnative,109,2.2501261234283447,1.8657170534133911,1.9161196947097778,0.83577561378479,0.5112974643707275,0.610727071762085,0.6103570461273193,0.6105937957763672
3325,polish,30.0,male,10.0,academic,10.0,1651,polish21,polish,slavic,False,#cab2d6,gmu01651,polish,nonnative,nonnative,110,1.755050778388977,2.051126480102539,0.6748154759407043,0.8584792017936707,0.7888791561126709,0.6971316337585449,0.6972252130508423,0.6971251368522644
3421,polish,21.0,male,6.0,academic,0.0,2189,polish35,polish,slavic,False,#cab2d6,gmu02189,polish,nonnative,nonnative,111,3.0755631923675537,1.582253098487854,0.6731992363929749,0.8550755381584167,0.7817559242248535,0.6979755759239197,0.6978421211242676,0.6978910565376282
3621,polish,26.0,male,4.0,academic,2.0,2514,polish37,polish,slavic,False,#cab2d6,gmu02514,polish,nonnative,nonnative,112,3.140315532684326,2.0864417552948,0.6719926595687866,0.8526501655578613,0.7845399975776672,0.6963542699813843,0.6965192556381226,0.6965333819389343
4236,polish,42.0,male,14.0,naturalistic,2.0,2062,polish32,polish,slavic,False,#cab2d6,gmu02062,polish,nonnative,nonnative,113,3.661503791809082,0.9940959811210632,0.6826859712600708,0.860693097114563,0.7841305136680603,0.6959598064422607,0.6959102749824524,0.6959695816040039
2694,polish,54.0,male,15.0,academic,1.0,2528,polish39,polish,slavic,False,#cab2d6,gmu02528,polish,nonnative,nonnative,114,2.417689323425293,2.2953288555145264,0.6713864207267761,0.8529401421546936,0.7811088562011719,0.6951479315757751,0.6951179504394531,0.695191502571106
3019,polish,21.0,male,7.0,academic,0.0,2064,polish33,polish,slavic,False,#cab2d6,gmu02064,polish,nonnative,nonnative,115,3.145350217819214,1.626448392868042,0.6699075102806091,0.8528344035148621,0.7793099284172058,0.6936289668083191,0.6937166452407837,0.693814754486084
3183,polish,21.0,male,8.0,academic,0.0,1653,polish23,polish,slavic,False,#cab2d6,gmu01653,polish,nonnative,nonnative,116,2.7520463466644287,2.0348925590515137,0.6765514016151428,0.8579712510108948,0.7823697328567505,0.6969522833824158,0.6970024108886719,0.696969211101532
4289,polish,22.0,male,14.0,naturalistic,1.3,958,polish13,polish,slavic,False,#cab2d6,gmu00958,polish,nonnative,nonnative,117,2.6363251209259033,2.236985206604004,0.677823543548584,0.8570072650909424,0.786753237247467,0.6982488036155701,0.6982604265213013,0.6982121467590332
4649,polish,24.0,male,7.0,academic,0.2,1549,polish19,polish,slavic,False,#cab2d6,gmu01549,polish,nonnative,nonnative,118,3.1526005268096924,1.1453471183776855,0.6690296530723572,0.8554765582084656,0.7837209105491638,0.6968538165092468,0.6968530416488647,0.6968596577644348
3969,polish,40.0,male,20.0,naturalistic,6.0,883,polish12,polish,slavic,False,#cab2d6,gmu00883,polish,nonnative,nonnative,119,2.2166409492492676,2.7442734241485596,0.6722010970115662,0.854080319404602,0.7868300080299377,0.6974617838859558,0.6975274085998535,0.6974902153015137
2754,russian,24.0,female,4.0,academic,7.0,1924,russian42,russian,slavic,False,#6a3d9a,gmu01924,russian,nonnative,nonnative,120,3.7366387844085693,0.5042434930801392,1.9915857315063477,1.327966332435608,0.6134347915649414,0.6122852563858032,0.6121717691421509,0.6120597124099731
4084,russian,27.0,female,8.0,academic,14.0,1932,russian43,russian,slavic,False,#6a3d9a,gmu01932,russian,nonnative,nonnative,121,3.1435296535491943,1.441596508026123,1.975774884223938,1.3234138488769531,0.6134448647499084,0.6125264763832092,0.6123608946800232,0.6123316884040833
4021,russian,30.0,female,5.0,academic,10.0,2224,russian49,russian,slavic,False,#6a3d9a,gmu02224,russian,nonnative,nonnative,122,2.1929666996002197,2.136705160140991,2.114102363586426,1.3218573331832886,0.6150455474853516,0.6122998595237732,0.6121501326560974,0.6121417880058289
4494,russian,26.0,female,6.0,academic,0.4,2107,russian47,russian,slavic,False,#6a3d9a,gmu02107,russian,nonnative,nonnative,123,2.5075998306274414,1.146546483039856,1.9743751287460327,1.9066630601882935,0.614191472530365,0.6107009053230286,0.6104735732078552,0.6104464530944824
3874,russian,57.0,female,42.0,academic,15.0,2231,russian50,russian,slavic,False,#6a3d9a,gmu02231,russian,nonnative,nonnative,124,1.6332472562789917,1.7938281297683716,1.9880683422088623,1.3253955841064453,0.6180514097213745,0.6130697131156921,0.6128367781639099,0.6128334403038025
3046,russian,36.0,female,24.0,academic,5.0,2717,russian77,russian,slavic,False,#6a3d9a,gmu02717,russian,nonnative,nonnative,125,2.0125985145568848,1.6833715438842773,1.9870703220367432,1.3251769542694092,0.6146125197410583,0.6133882999420166,0.6131417155265808,0.6131071448326111
4106,russian,29.0,female,6.0,academic,10.0,1947,russian44,russian,slavic,False,#6a3d9a,gmu01947,russian,nonnative,nonnative,126,3.312796115875244,1.2136234045028687,1.9848213195800781,1.324750542640686,0.6182035207748413,0.6119077205657959,0.6116841435432434,0.6117927432060242
4666,russian,24.0,female,7.0,academic,0.0,2625,russian61,russian,slavic,False,#6a3d9a,gmu02625,russian,nonnative,nonnative,127,1.5340466499328613,1.8545781373977661,1.9849202632904053,1.3269872665405273,0.6098320484161377,0.6106618642807007,0.6104124188423157,0.6103270053863525
3881,russian,24.0,female,7.0,academic,1.0,2105,russian46,russian,slavic,False,#6a3d9a,gmu02105,russian,nonnative,nonnative,128,2.761262893676758,1.2797658443450928,2.4976701736450195,1.213989496231079,0.6589687466621399,0.612396240234375,0.6121721863746643,0.6122110486030579
4113,russian,32.0,female,7.0,academic,4.0,2546,russian53,russian,slavic,False,#6a3d9a,gmu02546,russian,nonnative,nonnative,129,2.867286443710327,0.9448206424713135,1.9853541851043701,2.0587007999420166,0.6149879693984985,0.6126835346221924,0.6124992966651917,0.6124467849731445
3658,russian,37.0,male,18.0,academic,2.0,671,russian17,russian,slavic,False,#6a3d9a,gmu00671,russian,nonnative,nonnative,130,1.9745726585388184,1.7290459871292114,0.7083225250244141,1.351150393486023,0.9108735918998718,0.6970433592796326,0.6970897316932678,0.6971293091773987
4290,russian,40.0,male,17.0,academic,0.0,2621,russian57,russian,slavic,False,#6a3d9a,gmu02621,russian,nonnative,nonnative,131,2.3179988861083984,2.0887582302093506,0.7038095593452454,1.3424025774002075,0.9097591042518616,0.6941955089569092,0.6941280961036682,0.6941098570823669
4544,russian,21.0,male,14.0,naturalistic,0.0,1191,russian27,russian,slavic,False,#6a3d9a,gmu01191,russian,nonnative,nonnative,132,2.872886896133423,1.5616865158081055,0.7038892507553101,1.166903018951416,1.0300766229629517,0.6934172511100769,0.693356454372406,0.6933327317237854
3597,russian,25.0,male,20.0,academic,4.0,1518,russian36,russian,slavic,False,#6a3d9a,gmu01518,russian,nonnative,nonnative,133,3.138183116912842,1.1080032587051392,0.707635223865509,1.4688984155654907,0.9064620733261108,0.6931844353675842,0.6931326985359192,0.6930996775627136
3780,russian,31.0,male,10.0,academic,0.0,1523,russian37,russian,slavic,False,#6a3d9a,gmu01523,russian,nonnative,nonnative,134,2.268390655517578,1.6763122081756592,0.7023072242736816,1.3428058624267578,0.9086301922798157,0.6949027180671692,0.6949950456619263,0.6950189471244812
4100,russian,30.0,male,10.0,academic,0.1,2635,russian70,russian,slavic,False,#6a3d9a,gmu02635,russian,nonnative,nonnative,135,2.2622883319854736,1.94894278049469,0.6691582798957825,1.248252272605896,0.9093741774559021,0.6939986348152161,0.6939614415168762,0.6940099000930786
4157,russian,33.0,male,18.0,academic,6.0,609,russian14,russian,slavic,False,#6a3d9a,gmu00609,russian,nonnative,nonnative,136,2.1853513717651367,2.1750648021698,0.7019572854042053,1.3319462537765503,0.9078992605209351,0.6947119832038879,0.694720447063446,0.6947983503341675
4101,russian,45.0,male,7.0,academic,0.0,2627,russian63,russian,slavic,False,#6a3d9a,gmu02627,russian,nonnative,nonnative,137,1.2192126512527466,1.7999712228775024,0.708784818649292,1.357266902923584,0.9091284275054932,0.6978594064712524,0.6978291869163513,0.6979628801345825
4696,russian,31.0,male,10.0,academic,0.1,2632,russian67,russian,slavic,False,#6a3d9a,gmu02632,russian,nonnative,nonnative,138,0.7851167917251587,2.132023572921753,0.705396294593811,1.5784385204315186,0.9057168960571289,0.6947875022888184,0.6948015689849854,0.6947407722473145
3841,russian,23.0,male,13.0,academic,1.0,831,russian18,russian,slavic,False,#6a3d9a,gmu00831,russian,nonnative,nonnative,139,2.3536019325256348,1.7272663116455078,0.7968690395355225,1.3379998207092285,0.9089451432228088,0.6948130130767822,0.6948583126068115,0.69475919008255
3326,spanish,49.0,female,13.0,academic,0.0,2935,spanish227,spanish,romance,False,#ff7f00,gmu02935,spanish,nonnative,nonnative,140,0.6500148177146912,2.3351616859436035,1.8218035697937012,1.2322227954864502,0.5156739354133606,0.6165955662727356,0.6162063479423523,0.6164271235466003
4200,spanish,37.0,female,21.0,naturalistic,16.0,2052,spanish145,spanish,romance,False,#ff7f00,gmu02052,spanish,nonnative,nonnative,141,0.9202377200126648,2.299656867980957,1.9892778396606445,1.2318607568740845,0.5133596658706665,0.6156930327415466,0.6154125928878784,0.6154049038887024
2888,spanish,48.0,female,17.0,naturalistic,31.0,2588,spanish202,spanish,romance,False,#ff7f00,gmu02588,spanish,nonnative,nonnative,142,0.739879846572876,2.141535758972168,1.82900869846344,1.2326383590698242,0.5127054452896118,0.6151503324508667,0.6150709390640259,0.615131139755249
2913,spanish,40.0,female,11.0,naturalistic,15.0,1807,spanish119,spanish,romance,False,#ff7f00,gmu01807,spanish,nonnative,nonnative,143,1.9826022386550903,1.5861438512802124,1.676766276359558,1.2313001155853271,0.5132579207420349,0.6155514717102051,0.6155621409416199,0.6153416633605957
3084,spanish,32.0,female,10.0,academic,4.0,959,spanish63,spanish,romance,False,#ff7f00,gmu00959,spanish,nonnative,nonnative,144,2.8281214237213135,1.1503945589065552,1.826628565788269,1.2335883378982544,0.5121782422065735,0.6141931414604187,0.6140132546424866,0.6139895915985107
3285,spanish,48.0,female,13.0,academic,22.0,1806,spanish118,spanish,romance,False,#ff7f00,gmu01806,spanish,nonnative,nonnative,145,0.8271607756614685,2.3360111713409424,2.300161361694336,1.2323476076126099,0.5123762488365173,0.6161202192306519,0.6158443093299866,0.6161660552024841
3735,spanish,26.0,female,10.0,academic,16.0,1831,spanish122,spanish,romance,False,#ff7f00,gmu01831,spanish,nonnative,nonnative,146,3.491863965988159,0.914328932762146,2.236898183822632,1.2343056201934814,0.5119244456291199,0.615001380443573,0.6148832440376282,0.6148747801780701
3916,spanish,22.0,female,8.0,naturalistic,0.25,1732,spanish114,spanish,romance,False,#ff7f00,gmu01732,spanish,nonnative,nonnative,147,2.204500198364258,0.9103912711143494,1.8189531564712524,1.2343084812164307,0.5126205682754517,0.6156994104385376,0.6154356598854065,0.6153947114944458
2464,spanish,33.0,female,23.0,naturalistic,10.0,2051,spanish144,spanish,romance,False,#ff7f00,gmu02051,spanish,nonnative,nonnative,148,1.20936119556427,1.5766600370407104,1.8509916067123413,1.2322174310684204,0.5129826068878174,0.6160297393798828,0.6157817840576172,0.6157013773918152
3933,spanish,41.0,female,10.0,academic,12.0,1613,spanish105,spanish,romance,False,#ff7f00,gmu01613,spanish,nonnative,nonnative,149,2.1599271297454834,1.7035603523254395,1.7649799585342407,1.2264437675476074,0.512894868850708,0.6160920262336731,0.6159229874610901,0.6158647537231445
3676,spanish,44.0,male,14.0,academic,0.0,1249,spanish74,spanish,romance,False,#ff7f00,gmu01249,spanish,nonnative,nonnative,150,2.8113763332366943,1.8191958665847778,0.6136866211891174,1.2503386735916138,0.7783852219581604,0.6963523626327515,0.6963873505592346,0.6963598728179932
4229,spanish,25.0,male,18.0,naturalistic,7.0,2057,spanish146,spanish,romance,False,#ff7f00,gmu02057,spanish,nonnative,nonnative,151,0.9471636414527893,1.8327041864395142,0.620297908782959,1.2601563930511475,0.7767080068588257,0.6983190178871155,0.6983353495597839,0.6983050107955933
3760,spanish,45.0,male,6.0,academic,12.5,2026,spanish143,spanish,romance,False,#ff7f00,gmu02026,spanish,nonnative,nonnative,152,2.5980918407440186,1.9264582395553589,0.6156823635101318,1.24832284450531,0.7750135064125061,0.6972565650939941,0.6973660588264465,0.6972118020057678
3934,spanish,21.0,male,6.0,academic,0.0,731,spanish48,spanish,romance,False,#ff7f00,gmu00731,spanish,nonnative,nonnative,153,2.2081289291381836,1.8316956758499146,0.6162543296813965,1.2514185905456543,0.7763938903808594,0.6998522877693176,0.6999849081039429,0.6998094916343689
4366,spanish,21.0,male,8.0,academic,0.8,2602,spanish204,spanish,romance,False,#ff7f00,gmu02602,spanish,nonnative,nonnative,154,2.304358720779419,2.401601552963257,0.615960419178009,1.2477738857269287,0.7767358422279358,0.6979970932006836,0.6979007124900818,0.6979736685752869
3782,spanish,22.0,male,13.0,academic,9.0,1425,spanish89,spanish,romance,False,#ff7f00,gmu01425,spanish,nonnative,nonnative,155,2.9658889770507812,1.8277283906936646,0.6424763202667236,1.2498975992202759,0.7737666368484497,0.6982760429382324,0.6983393430709839,0.6981085538864136
3836,spanish,28.0,male,5.0,naturalistic,5.0,2169,spanish162,spanish,romance,False,#ff7f00,gmu02169,spanish,nonnative,nonnative,156,3.6135127544403076,1.489925503730774,0.617651104927063,1.247259259223938,0.7775958776473999,0.6977495551109314,0.6978530287742615,0.6978641748428345
3972,spanish,45.0,male,13.0,academic,2.0,1301,spanish77,spanish,romance,False,#ff7f00,gmu01301,spanish,nonnative,nonnative,157,2.590397596359253,1.3984811305999756,0.6128671169281006,1.3897589445114136,0.7726101875305176,0.6986808776855469,0.6987394690513611,0.6987136006355286
4272,spanish,46.0,male,12.0,academic,13.0,1797,spanish117,spanish,romance,False,#ff7f00,gmu01797,spanish,nonnative,nonnative,158,3.5976781845092773,1.527563452720642,0.6163122653961182,1.4316140413284302,0.776201069355011,0.6983479261398315,0.6984190940856934,0.6983568668365479
4244,spanish,22.0,male,8.0,academic,0.0,838,spanish56,spanish,romance,False,#ff7f00,gmu00838,spanish,nonnative,nonnative,159,3.43845534324646,0.9101088047027588,0.6128191351890564,1.2454783916473389,1.070932388305664,0.6979116797447205,0.697905421257019,0.6979344487190247
