,participant_id,group,nativeness,sex,feature,weight
0,5f74af468549be0a901bd70a,english_uk,native,female,emb0,0.5425169467926025
1,5f48b22e88eb74375510b57c,english_uk,native,male,emb0,0.6571306586265564
2,5f53c41a05affe6fdbed5168,english_uk,native,female,emb0,0.6305450797080994
3,60d65a2e6e744e4596cba461,english_uk,native,male,emb0,0.5089881420135498
4,5ea1c0f9b35e1109bb93dd20,english_uk,native,female,emb0,0.4598710834980011
5,609308bde839875a0ed8b8a9,english_uk,native,female,emb0,0.5019235610961914
6,5e94860a9ad2942dc5015711,english_uk,native,female,emb0,0.3750433027744293
7,60c75ff4ee16aa04cfcd60bf,english_uk,native,male,emb0,0.5223842263221741
8,60c7aec75ed5135a58faf813,english_uk,native,female,emb0,0.4964558184146881
9,60d0aebb6fc0867a91db8282,english_uk,native,female,emb0,0.4477396309375763
10,608fef0be7832b05dfd9d56d,english_uk,native,male,emb0,0.6218116283416748
11,6078421a82b88488a16a2b1f,english_uk,native,female,emb0,0.5035804510116577
12,6058dba20257f28be1920c5c,english_uk,native,female,emb0,0.4987193942070007
13,611e6e0371738becff3551d8,english_uk,native,female,emb0,0.6247466206550598
14,61150dc88df7514d99d56af5,english_uk,native,female,emb0,0.535349428653717
15,5fa3828e70d44c68e35ca305,english_uk,native,male,emb0,0.5307894349098206
16,61203db5c472e102f6a31867,english_uk,native,male,emb0,0.4357510209083557
17,602d25c3cc46516b77b98c28,english_uk,native,female,emb0,0.5296434760093689
18,61197b469838f3a6ccfe0b9a,english_uk,native,female,emb0,0.1750300228595733
19,611d378f0cce9add359a8324,english_uk,native,female,emb0,0.5031257271766663
20,60cf278fb23e7b5ac8967490,french,nonnative,female,emb0,0.6009894013404846
21,600816c1eaebcf3751af6865,french,nonnative,female,emb0,0.1768827140331268
22,5fc10a0a31a39e0a308b6194,french,nonnative,female,emb0,0.6397829651832581
23,60698d567b61f5cd0c57b368,french,nonnative,female,emb0,0.5301588177680969
24,60c79f56a6ace233a690c537,french,nonnative,female,emb0,0.5318401455879211
25,5feb5b328422b4722c08843f,french,nonnative,male,emb0,0.5077056288719177
26,5c6c0ed215875900019bf4d8,french,nonnative,male,emb0,0.628911018371582
27,60c7cc3edbfd3121e3b553fb,french,nonnative,male,emb0,0.2484339028596878
28,608ae665000987dee19d8934,french,nonnative,male,emb0,0.5908304452896118
29,60a10e1de3ee3737f08a517c,french,nonnative,female,emb0,0.5153076648712158
30,60cb146b583ee0d79a7e80cc,french,nonnative,male,emb0,0.5017647743225098
31,601efedca5824c3e2767c892,french,nonnative,female,emb0,0.7525231838226318
32,60c9019448ea85dc9d85dbdc,french,nonnative,female,emb0,0.6238215565681458
33,5e70e14f8cd169064e5781e9,french,nonnative,male,emb0,0.4362131357192993
34,6001bef6297b5c0f7f6d089b,french,nonnative,male,emb0,0.2886966466903686
35,60db302f9c0d570c7f2e7653,french,nonnative,female,emb0,0.5469703674316406
36,606601c0d781efb83ac2dce4,french,nonnative,male,emb0,0.624980628490448
37,61070401a557fd863bd0ac26,french,nonnative,male,emb0,0.3393943607807159
38,61090783a01b97fbe95024dc,french,nonnative,female,emb0,0.5005694031715393
39,610bf50184d89a31761e243d,french,nonnative,male,emb0,0.4676719903945923
40,60d5c473efa1cf467e529129,german,nonnative,female,emb0,0.4989912509918213
41,60cb0517890a97786899d2ea,german,nonnative,female,emb0,0.8360869884490967
42,601801e07f813cac4bdde144,german,nonnative,male,emb0,0.6445204019546509
43,60da21dd73dff4888b35564f,german,nonnative,male,emb0,0.5759102702140808
44,5f4cd7926e1f3e8ed56bd215,german,nonnative,male,emb0,0.5080746412277222
45,60d10503b38976552a1b35da,german,nonnative,male,emb0,0.5980240106582642
46,60d440a71dc9476a8ae48cae,german,nonnative,male,emb0,0.6327763795852661
47,60b819266c656fa8a43d5be1,german,nonnative,male,emb0,0.4020629227161407
48,6046c35a85aec60f5a09d11c,german,nonnative,male,emb0,0.6459473371505737
49,60bfc9efc639f29ac485ac6d,german,nonnative,female,emb0,0.7027178406715393
50,60060089125e50636ad6719e,german,nonnative,female,emb0,0.6033539772033691
51,60c9f510282b994f965f122d,german,nonnative,male,emb0,0.5009670853614807
52,5c33373d01439b0001a09cdc,german,nonnative,male,emb0,0.5027703046798706
53,60df43042ab7b3826861bb39,german,nonnative,male,emb0,0.403501808643341
54,5fef28c2feba31d456459420,german,nonnative,female,emb0,0.4981505274772644
55,5f84ace0af0c021529fc4e3d,german,nonnative,male,emb0,0.4480439126491546
56,60140a6677aab7353e504619,german,nonnative,male,emb0,0.6518120169639587
57,5fb6d4a5ed317d13eac3455e,german,nonnative,male,emb0,0.4492314159870147
58,5f58c7ac49483e055a5b96bb,german,nonnative,male,emb0,0.5995845198631287
59,60fdb038bb7b41e60152a00c,german,nonnative,female,emb0,0.2838545739650726
60,5f74af468549be0a901bd70a,english_uk,native,female,emb1,0.912209451198578
61,5f48b22e88eb74375510b57c,english_uk,native,male,emb1,0.5840531587600708
62,5f53c41a05affe6fdbed5168,english_uk,native,female,emb1,0.5963069796562195
63,60d65a2e6e744e4596cba461,english_uk,native,male,emb1,0.5004727244377136
64,5ea1c0f9b35e1109bb93dd20,english_uk,native,female,emb1,0.6317983269691467
65,609308bde839875a0ed8b8a9,english_uk,native,female,emb1,0.8174198865890503
66,5e94860a9ad2942dc5015711,english_uk,native,female,emb1,0.4996970295906067
67,60c75ff4ee16aa04cfcd60bf,english_uk,native,male,emb1,0.380089670419693
68,60c7aec75ed5135a58faf813,english_uk,native,female,emb1,0.6840949058532715
69,60d0aebb6fc0867a91db8282,english_uk,native,female,emb1,0.6199642419815063
70,608fef0be7832b05dfd9d56d,english_uk,native,male,emb1,0.6738962531089783
71,6078421a82b88488a16a2b1f,english_uk,native,female,emb1,0.7586998343467712
72,6058dba20257f28be1920c5c,english_uk,native,female,emb1,0.815712571144104
73,611e6e0371738becff3551d8,english_uk,native,female,emb1,0.6629726886749268
74,61150dc88df7514d99d56af5,english_uk,native,female,emb1,0.8803195357322693
75,5fa3828e70d44c68e35ca305,english_uk,native,male,emb1,0.6179649829864502
76,61203db5c472e102f6a31867,english_uk,native,male,emb1,0.5658130049705505
77,602d25c3cc46516b77b98c28,english_uk,native,female,emb1,0.7591615915298462
78,61197b469838f3a6ccfe0b9a,english_uk,native,female,emb1,0.435499370098114
79,611d378f0cce9add359a8324,english_uk,native,female,emb1,0.6149068474769592
80,60cf278fb23e7b5ac8967490,french,nonnative,female,emb1,0.3735394775867462
81,600816c1eaebcf3751af6865,french,nonnative,female,emb1,0.4627264142036438
82,5fc10a0a31a39e0a308b6194,french,nonnative,female,emb1,0.4995542466640472
83,60698d567b61f5cd0c57b368,french,nonnative,female,emb1,0.4998773634433746
84,60c79f56a6ace233a690c537,french,nonnative,female,emb1,0.4768213331699371
85,5feb5b328422b4722c08843f,french,nonnative,male,emb1,0.5407846570014954
86,5c6c0ed215875900019bf4d8,french,nonnative,male,emb1,0.6155610084533691
87,60c7cc3edbfd3121e3b553fb,french,nonnative,male,emb1,0.4868166744709015
88,608ae665000987dee19d8934,french,nonnative,male,emb1,0.3726619184017181
89,60a10e1de3ee3737f08a517c,french,nonnative,female,emb1,0.4105420708656311
90,60cb146b583ee0d79a7e80cc,french,nonnative,male,emb1,0.4259607195854187
91,601efedca5824c3e2767c892,french,nonnative,female,emb1,0.5082122087478638
92,60c9019448ea85dc9d85dbdc,french,nonnative,female,emb1,0.4715391099452972
93,5e70e14f8cd169064e5781e9,french,nonnative,male,emb1,0.4386098980903625
94,6001bef6297b5c0f7f6d089b,french,nonnative,male,emb1,0.3422416448593139
95,60db302f9c0d570c7f2e7653,french,nonnative,female,emb1,0.4980256855487823
96,606601c0d781efb83ac2dce4,french,nonnative,male,emb1,0.4995029270648956
97,61070401a557fd863bd0ac26,french,nonnative,male,emb1,0.374772846698761
98,61090783a01b97fbe95024dc,french,nonnative,female,emb1,0.4514874517917633
99,610bf50184d89a31761e243d,french,nonnative,male,emb1,0.5184780359268188
100,60d5c473efa1cf467e529129,german,nonnative,female,emb1,0.4987757503986358
101,60cb0517890a97786899d2ea,german,nonnative,female,emb1,0.4987326860427856
102,601801e07f813cac4bdde144,german,nonnative,male,emb1,0.4983527362346649
103,60da21dd73dff4888b35564f,german,nonnative,male,emb1,0.5011313557624817
104,5f4cd7926e1f3e8ed56bd215,german,nonnative,male,emb1,0.4270023107528686
105,60d10503b38976552a1b35da,german,nonnative,male,emb1,0.4372880756855011
106,60d440a71dc9476a8ae48cae,german,nonnative,male,emb1,0.3320232927799225
107,60b819266c656fa8a43d5be1,german,nonnative,male,emb1,0.3753467500209808
108,6046c35a85aec60f5a09d11c,german,nonnative,male,emb1,0.5034262537956238
109,60bfc9efc639f29ac485ac6d,german,nonnative,female,emb1,0.4462175667285919
110,60060089125e50636ad6719e,german,nonnative,female,emb1,0.4990375638008117
111,60c9f510282b994f965f122d,german,nonnative,male,emb1,0.4781972467899322
112,5c33373d01439b0001a09cdc,german,nonnative,male,emb1,0.3371248841285705
113,60df43042ab7b3826861bb39,german,nonnative,male,emb1,0.499696135520935
114,5fef28c2feba31d456459420,german,nonnative,female,emb1,0.5022132992744446
115,5f84ace0af0c021529fc4e3d,german,nonnative,male,emb1,0.6892818808555603
116,60140a6677aab7353e504619,german,nonnative,male,emb1,0.7048600912094116
117,5fb6d4a5ed317d13eac3455e,german,nonnative,male,emb1,0.4691053628921509
118,5f58c7ac49483e055a5b96bb,german,nonnative,male,emb1,0.5001769661903381
119,60fdb038bb7b41e60152a00c,german,nonnative,female,emb1,0.5006076693534851
120,5f74af468549be0a901bd70a,english_uk,native,female,emb2,0.5020193457603455
121,5f48b22e88eb74375510b57c,english_uk,native,male,emb2,0.5275564789772034
122,5f53c41a05affe6fdbed5168,english_uk,native,female,emb2,0.6295158863067627
123,60d65a2e6e744e4596cba461,english_uk,native,male,emb2,0.5234252214431763
124,5ea1c0f9b35e1109bb93dd20,english_uk,native,female,emb2,0.4960587918758392
125,609308bde839875a0ed8b8a9,english_uk,native,female,emb2,0.5337594151496887
126,5e94860a9ad2942dc5015711,english_uk,native,female,emb2,0.4989948868751526
127,60c75ff4ee16aa04cfcd60bf,english_uk,native,male,emb2,0.4892662167549133
128,60c7aec75ed5135a58faf813,english_uk,native,female,emb2,0.5614516139030457
129,60d0aebb6fc0867a91db8282,english_uk,native,female,emb2,0.513224184513092
130,608fef0be7832b05dfd9d56d,english_uk,native,male,emb2,0.7118485569953918
131,6078421a82b88488a16a2b1f,english_uk,native,female,emb2,0.6740370988845825
132,6058dba20257f28be1920c5c,english_uk,native,female,emb2,0.4983881413936615
133,611e6e0371738becff3551d8,english_uk,native,female,emb2,0.4534952342510223
134,61150dc88df7514d99d56af5,english_uk,native,female,emb2,0.5016567707061768
135,5fa3828e70d44c68e35ca305,english_uk,native,male,emb2,0.6693302392959595
136,61203db5c472e102f6a31867,english_uk,native,male,emb2,0.5737858414649963
137,602d25c3cc46516b77b98c28,english_uk,native,female,emb2,0.3363510370254516
138,61197b469838f3a6ccfe0b9a,english_uk,native,female,emb2,0.2926557660102844
139,611d378f0cce9add359a8324,english_uk,native,female,emb2,0.4575545787811279
140,60cf278fb23e7b5ac8967490,french,nonnative,female,emb2,0.5869118571281433
141,600816c1eaebcf3751af6865,french,nonnative,female,emb2,0.3862961828708648
142,5fc10a0a31a39e0a308b6194,french,nonnative,female,emb2,0.499216765165329
143,60698d567b61f5cd0c57b368,french,nonnative,female,emb2,0.357661098241806
144,60c79f56a6ace233a690c537,french,nonnative,female,emb2,0.4894393682479858
145,5feb5b328422b4722c08843f,french,nonnative,male,emb2,0.4985694289207458
146,5c6c0ed215875900019bf4d8,french,nonnative,male,emb2,0.4495713710784912
147,60c7cc3edbfd3121e3b553fb,french,nonnative,male,emb2,0.4771556854248047
148,608ae665000987dee19d8934,french,nonnative,male,emb2,0.526766836643219
149,60a10e1de3ee3737f08a517c,french,nonnative,female,emb2,0.5296755433082581
150,60cb146b583ee0d79a7e80cc,french,nonnative,male,emb2,0.5129460096359253
151,601efedca5824c3e2767c892,french,nonnative,female,emb2,0.4613014459609985
152,60c9019448ea85dc9d85dbdc,french,nonnative,female,emb2,0.408077210187912
153,5e70e14f8cd169064e5781e9,french,nonnative,male,emb2,0.4271333515644073
154,6001bef6297b5c0f7f6d089b,french,nonnative,male,emb2,0.2345138192176818
155,60db302f9c0d570c7f2e7653,french,nonnative,female,emb2,0.5029789805412292
156,606601c0d781efb83ac2dce4,french,nonnative,male,emb2,0.5022541880607605
157,61070401a557fd863bd0ac26,french,nonnative,male,emb2,0.22079898416996
158,61090783a01b97fbe95024dc,french,nonnative,female,emb2,0.5008290410041809
159,610bf50184d89a31761e243d,french,nonnative,male,emb2,0.49936243891716
160,60d5c473efa1cf467e529129,german,nonnative,female,emb2,0.5049704313278198
161,60cb0517890a97786899d2ea,german,nonnative,female,emb2,0.4833077192306518
162,601801e07f813cac4bdde144,german,nonnative,male,emb2,0.500745415687561
163,60da21dd73dff4888b35564f,german,nonnative,male,emb2,0.5105185508728027
164,5f4cd7926e1f3e8ed56bd215,german,nonnative,male,emb2,0.6022240519523621
165,60d10503b38976552a1b35da,german,nonnative,male,emb2,0.647951602935791
166,60d440a71dc9476a8ae48cae,german,nonnative,male,emb2,0.5609171390533447
167,60b819266c656fa8a43d5be1,german,nonnative,male,emb2,0.2690671682357788
168,6046c35a85aec60f5a09d11c,german,nonnative,male,emb2,0.4978480339050293
169,60bfc9efc639f29ac485ac6d,german,nonnative,female,emb2,0.4136364161968231
170,60060089125e50636ad6719e,german,nonnative,female,emb2,0.2381948232650756
171,60c9f510282b994f965f122d,german,nonnative,male,emb2,0.5012139081954956
172,5c33373d01439b0001a09cdc,german,nonnative,male,emb2,0.5541800856590271
173,60df43042ab7b3826861bb39,german,nonnative,male,emb2,0.5663744211196899
174,5fef28c2feba31d456459420,german,nonnative,female,emb2,0.635698676109314
175,5f84ace0af0c021529fc4e3d,german,nonnative,male,emb2,0.4628256857395172
176,60140a6677aab7353e504619,german,nonnative,male,emb2,0.5013388395309448
177,5fb6d4a5ed317d13eac3455e,german,nonnative,male,emb2,0.5028045773506165
178,5f58c7ac49483e055a5b96bb,german,nonnative,male,emb2,0.5014492273330688
179,60fdb038bb7b41e60152a00c,german,nonnative,female,emb2,0.3792447447776794
180,5f74af468549be0a901bd70a,english_uk,native,female,emb3,0.8208779692649841
181,5f48b22e88eb74375510b57c,english_uk,native,male,emb3,0.5434765219688416
182,5f53c41a05affe6fdbed5168,english_uk,native,female,emb3,0.5751963257789612
183,60d65a2e6e744e4596cba461,english_uk,native,male,emb3,0.498403936624527
184,5ea1c0f9b35e1109bb93dd20,english_uk,native,female,emb3,0.5490927696228027
185,609308bde839875a0ed8b8a9,english_uk,native,female,emb3,0.6979736685752869
186,5e94860a9ad2942dc5015711,english_uk,native,female,emb3,0.502023458480835
187,60c75ff4ee16aa04cfcd60bf,english_uk,native,male,emb3,0.4980770647525787
188,60c7aec75ed5135a58faf813,english_uk,native,female,emb3,0.8024800419807434
189,60d0aebb6fc0867a91db8282,english_uk,native,female,emb3,0.5029438734054565
190,608fef0be7832b05dfd9d56d,english_uk,native,male,emb3,0.4656125605106354
191,6078421a82b88488a16a2b1f,english_uk,native,female,emb3,0.7523234486579895
192,6058dba20257f28be1920c5c,english_uk,native,female,emb3,0.4986235797405243
193,611e6e0371738becff3551d8,english_uk,native,female,emb3,0.6881932020187378
194,61150dc88df7514d99d56af5,english_uk,native,female,emb3,0.5008053183555603
195,5fa3828e70d44c68e35ca305,english_uk,native,male,emb3,0.5352913737297058
196,61203db5c472e102f6a31867,english_uk,native,male,emb3,0.4990399479866028
197,602d25c3cc46516b77b98c28,english_uk,native,female,emb3,0.5011522173881531
198,61197b469838f3a6ccfe0b9a,english_uk,native,female,emb3,0.4388011991977691
199,611d378f0cce9add359a8324,english_uk,native,female,emb3,0.5008000731468201
200,60cf278fb23e7b5ac8967490,french,nonnative,female,emb3,0.4310454726219177
201,600816c1eaebcf3751af6865,french,nonnative,female,emb3,0.5015197992324829
202,5fc10a0a31a39e0a308b6194,french,nonnative,female,emb3,0.4979959428310394
203,60698d567b61f5cd0c57b368,french,nonnative,female,emb3,0.4429090619087219
204,60c79f56a6ace233a690c537,french,nonnative,female,emb3,0.529117226600647
205,5feb5b328422b4722c08843f,french,nonnative,male,emb3,0.4990886449813843
206,5c6c0ed215875900019bf4d8,french,nonnative,male,emb3,0.4042486548423767
207,60c7cc3edbfd3121e3b553fb,french,nonnative,male,emb3,0.4100371599197387
208,608ae665000987dee19d8934,french,nonnative,male,emb3,0.4463200271129608
209,60a10e1de3ee3737f08a517c,french,nonnative,female,emb3,0.4989739954471588
210,60cb146b583ee0d79a7e80cc,french,nonnative,male,emb3,0.4986836016178131
211,601efedca5824c3e2767c892,french,nonnative,female,emb3,0.496948629617691
212,60c9019448ea85dc9d85dbdc,french,nonnative,female,emb3,0.4748890995979309
213,5e70e14f8cd169064e5781e9,french,nonnative,male,emb3,0.5426837801933289
214,6001bef6297b5c0f7f6d089b,french,nonnative,male,emb3,0.5435304641723633
215,60db302f9c0d570c7f2e7653,french,nonnative,female,emb3,0.4016751646995544
216,606601c0d781efb83ac2dce4,french,nonnative,male,emb3,0.49956014752388
217,61070401a557fd863bd0ac26,french,nonnative,male,emb3,0.4963670372962951
218,61090783a01b97fbe95024dc,french,nonnative,female,emb3,0.4998385906219482
219,610bf50184d89a31761e243d,french,nonnative,male,emb3,0.4927465617656708
220,60d5c473efa1cf467e529129,german,nonnative,female,emb3,0.6600581407546997
221,60cb0517890a97786899d2ea,german,nonnative,female,emb3,0.4804867804050445
222,601801e07f813cac4bdde144,german,nonnative,male,emb3,0.3948200345039367
223,60da21dd73dff4888b35564f,german,nonnative,male,emb3,0.4075301587581634
224,5f4cd7926e1f3e8ed56bd215,german,nonnative,male,emb3,0.5011343359947205
225,60d10503b38976552a1b35da,german,nonnative,male,emb3,0.5638000965118408
226,60d440a71dc9476a8ae48cae,german,nonnative,male,emb3,0.526006817817688
227,60b819266c656fa8a43d5be1,german,nonnative,male,emb3,0.4615675508975982
228,6046c35a85aec60f5a09d11c,german,nonnative,male,emb3,0.4998869597911834
229,60bfc9efc639f29ac485ac6d,german,nonnative,female,emb3,0.499368280172348
230,60060089125e50636ad6719e,german,nonnative,female,emb3,0.4971056878566742
231,60c9f510282b994f965f122d,german,nonnative,male,emb3,0.5000656247138977
232,5c33373d01439b0001a09cdc,german,nonnative,male,emb3,0.499929666519165
233,60df43042ab7b3826861bb39,german,nonnative,male,emb3,0.4957558214664459
234,5fef28c2feba31d456459420,german,nonnative,female,emb3,0.4991542100906372
235,5f84ace0af0c021529fc4e3d,german,nonnative,male,emb3,0.594572126865387
236,60140a6677aab7353e504619,german,nonnative,male,emb3,0.5788016319274902
237,5fb6d4a5ed317d13eac3455e,german,nonnative,male,emb3,0.5002024173736572
238,5f58c7ac49483e055a5b96bb,german,nonnative,male,emb3,0.4792565703392029
239,60fdb038bb7b41e60152a00c,german,nonnative,female,emb3,0.4462411105632782
240,5f74af468549be0a901bd70a,english_uk,native,female,emb4,0.5006566047668457
241,5f48b22e88eb74375510b57c,english_uk,native,male,emb4,0.7061029672622681
242,5f53c41a05affe6fdbed5168,english_uk,native,female,emb4,0.8040920495986938
243,60d65a2e6e744e4596cba461,english_uk,native,male,emb4,0.5184476375579834
244,5ea1c0f9b35e1109bb93dd20,english_uk,native,female,emb4,0.4999392628669739
245,609308bde839875a0ed8b8a9,english_uk,native,female,emb4,0.7855779528617859
246,5e94860a9ad2942dc5015711,english_uk,native,female,emb4,0.402286171913147
247,60c75ff4ee16aa04cfcd60bf,english_uk,native,male,emb4,0.5149346590042114
248,60c7aec75ed5135a58faf813,english_uk,native,female,emb4,0.4815650582313537
249,60d0aebb6fc0867a91db8282,english_uk,native,female,emb4,0.498506486415863
250,608fef0be7832b05dfd9d56d,english_uk,native,male,emb4,0.5976513028144836
251,6078421a82b88488a16a2b1f,english_uk,native,female,emb4,0.814115047454834
252,6058dba20257f28be1920c5c,english_uk,native,female,emb4,0.694487988948822
253,611e6e0371738becff3551d8,english_uk,native,female,emb4,0.5860174894332886
254,61150dc88df7514d99d56af5,english_uk,native,female,emb4,0.5002852082252502
255,5fa3828e70d44c68e35ca305,english_uk,native,male,emb4,0.4985281825065613
256,61203db5c472e102f6a31867,english_uk,native,male,emb4,0.4995301067829132
257,602d25c3cc46516b77b98c28,english_uk,native,female,emb4,0.5270369648933411
258,61197b469838f3a6ccfe0b9a,english_uk,native,female,emb4,0.3952707350254059
259,611d378f0cce9add359a8324,english_uk,native,female,emb4,0.5221339464187622
260,60cf278fb23e7b5ac8967490,french,nonnative,female,emb4,0.4703117311000824
261,600816c1eaebcf3751af6865,french,nonnative,female,emb4,0.4318451583385467
262,5fc10a0a31a39e0a308b6194,french,nonnative,female,emb4,0.5019258856773376
263,60698d567b61f5cd0c57b368,french,nonnative,female,emb4,0.4611665308475494
264,60c79f56a6ace233a690c537,french,nonnative,female,emb4,0.5013455152511597
265,5feb5b328422b4722c08843f,french,nonnative,male,emb4,0.4968215227127075
266,5c6c0ed215875900019bf4d8,french,nonnative,male,emb4,0.4868786633014679
267,60c7cc3edbfd3121e3b553fb,french,nonnative,male,emb4,0.5001973509788513
268,608ae665000987dee19d8934,french,nonnative,male,emb4,0.4997355043888092
269,60a10e1de3ee3737f08a517c,french,nonnative,female,emb4,0.4776282608509063
270,60cb146b583ee0d79a7e80cc,french,nonnative,male,emb4,0.4603503048419952
271,601efedca5824c3e2767c892,french,nonnative,female,emb4,0.5055264830589294
272,60c9019448ea85dc9d85dbdc,french,nonnative,female,emb4,0.4995588362216949
273,5e70e14f8cd169064e5781e9,french,nonnative,male,emb4,0.5208634734153748
274,6001bef6297b5c0f7f6d089b,french,nonnative,male,emb4,0.326197475194931
275,60db302f9c0d570c7f2e7653,french,nonnative,female,emb4,0.5942922234535217
276,606601c0d781efb83ac2dce4,french,nonnative,male,emb4,0.5004473924636841
277,61070401a557fd863bd0ac26,french,nonnative,male,emb4,0.499650776386261
278,61090783a01b97fbe95024dc,french,nonnative,female,emb4,0.5131984949111938
279,610bf50184d89a31761e243d,french,nonnative,male,emb4,0.5006083846092224
280,60d5c473efa1cf467e529129,german,nonnative,female,emb4,0.5010019540786743
281,60cb0517890a97786899d2ea,german,nonnative,female,emb4,0.4948975145816803
282,601801e07f813cac4bdde144,german,nonnative,male,emb4,0.5715239644050598
283,60da21dd73dff4888b35564f,german,nonnative,male,emb4,0.4965772628784179
284,5f4cd7926e1f3e8ed56bd215,german,nonnative,male,emb4,0.4997241795063019
285,60d10503b38976552a1b35da,german,nonnative,male,emb4,0.3728937208652496
286,60d440a71dc9476a8ae48cae,german,nonnative,male,emb4,0.3529190123081207
287,60b819266c656fa8a43d5be1,german,nonnative,male,emb4,0.399755448102951
288,6046c35a85aec60f5a09d11c,german,nonnative,male,emb4,0.4995816946029663
289,60bfc9efc639f29ac485ac6d,german,nonnative,female,emb4,0.4999377727508545
290,60060089125e50636ad6719e,german,nonnative,female,emb4,0.5022406578063965
291,60c9f510282b994f965f122d,german,nonnative,male,emb4,0.3625428676605224
292,5c33373d01439b0001a09cdc,german,nonnative,male,emb4,0.4969770610332489
293,60df43042ab7b3826861bb39,german,nonnative,male,emb4,0.4979164898395538
294,5fef28c2feba31d456459420,german,nonnative,female,emb4,0.6014117002487183
295,5f84ace0af0c021529fc4e3d,german,nonnative,male,emb4,0.709101140499115
296,60140a6677aab7353e504619,german,nonnative,male,emb4,0.5019153356552124
297,5fb6d4a5ed317d13eac3455e,german,nonnative,male,emb4,0.4278960525989532
298,5f58c7ac49483e055a5b96bb,german,nonnative,male,emb4,0.5291404128074646
299,60fdb038bb7b41e60152a00c,german,nonnative,female,emb4,0.4030974507331848
300,5f74af468549be0a901bd70a,english_uk,native,female,emb5,0.500027596950531
301,5f48b22e88eb74375510b57c,english_uk,native,male,emb5,0.5001164674758911
302,5f53c41a05affe6fdbed5168,english_uk,native,female,emb5,0.5000121593475342
303,60d65a2e6e744e4596cba461,english_uk,native,male,emb5,0.4998493194580078
304,5ea1c0f9b35e1109bb93dd20,english_uk,native,female,emb5,0.4998972713947296
305,609308bde839875a0ed8b8a9,english_uk,native,female,emb5,0.500045895576477
306,5e94860a9ad2942dc5015711,english_uk,native,female,emb5,0.4998257756233215
307,60c75ff4ee16aa04cfcd60bf,english_uk,native,male,emb5,0.5000400543212891
308,60c7aec75ed5135a58faf813,english_uk,native,female,emb5,0.4999333620071411
309,60d0aebb6fc0867a91db8282,english_uk,native,female,emb5,0.5000672340393066
310,608fef0be7832b05dfd9d56d,english_uk,native,male,emb5,0.5000711679458618
311,6078421a82b88488a16a2b1f,english_uk,native,female,emb5,0.4999536275863647
312,6058dba20257f28be1920c5c,english_uk,native,female,emb5,0.5000750422477722
313,611e6e0371738becff3551d8,english_uk,native,female,emb5,0.5001010298728943
314,61150dc88df7514d99d56af5,english_uk,native,female,emb5,0.5000181794166565
315,5fa3828e70d44c68e35ca305,english_uk,native,male,emb5,0.499906450510025
316,61203db5c472e102f6a31867,english_uk,native,male,emb5,0.4999109804630279
317,602d25c3cc46516b77b98c28,english_uk,native,female,emb5,0.499924898147583
318,61197b469838f3a6ccfe0b9a,english_uk,native,female,emb5,0.4999654293060303
319,611d378f0cce9add359a8324,english_uk,native,female,emb5,0.5000026226043701
320,60cf278fb23e7b5ac8967490,french,nonnative,female,emb5,0.4999952316284179
321,600816c1eaebcf3751af6865,french,nonnative,female,emb5,0.5000331401824951
322,5fc10a0a31a39e0a308b6194,french,nonnative,female,emb5,0.4998667538166046
323,60698d567b61f5cd0c57b368,french,nonnative,female,emb5,0.5001506209373474
324,60c79f56a6ace233a690c537,french,nonnative,female,emb5,0.4999235868453979
325,5feb5b328422b4722c08843f,french,nonnative,male,emb5,0.4997920095920563
326,5c6c0ed215875900019bf4d8,french,nonnative,male,emb5,0.4997421503067016
327,60c7cc3edbfd3121e3b553fb,french,nonnative,male,emb5,0.5000350475311279
328,608ae665000987dee19d8934,french,nonnative,male,emb5,0.5000477433204651
329,60a10e1de3ee3737f08a517c,french,nonnative,female,emb5,0.5000152587890625
330,60cb146b583ee0d79a7e80cc,french,nonnative,male,emb5,0.5000964403152466
331,601efedca5824c3e2767c892,french,nonnative,female,emb5,0.4999131858348846
332,60c9019448ea85dc9d85dbdc,french,nonnative,female,emb5,0.5000470876693726
333,5e70e14f8cd169064e5781e9,french,nonnative,male,emb5,0.5000609159469604
334,6001bef6297b5c0f7f6d089b,french,nonnative,male,emb5,0.4999089539051056
335,60db302f9c0d570c7f2e7653,french,nonnative,female,emb5,0.5000376105308533
336,606601c0d781efb83ac2dce4,french,nonnative,male,emb5,0.4998885691165924
337,61070401a557fd863bd0ac26,french,nonnative,male,emb5,0.4999185800552368
338,61090783a01b97fbe95024dc,french,nonnative,female,emb5,0.5002349615097046
339,610bf50184d89a31761e243d,french,nonnative,male,emb5,0.500262975692749
340,60d5c473efa1cf467e529129,german,nonnative,female,emb5,0.4999830722808838
341,60cb0517890a97786899d2ea,german,nonnative,female,emb5,0.4999414682388305
342,601801e07f813cac4bdde144,german,nonnative,male,emb5,0.5000676512718201
343,60da21dd73dff4888b35564f,german,nonnative,male,emb5,0.500115692615509
344,5f4cd7926e1f3e8ed56bd215,german,nonnative,male,emb5,0.5001016855239868
345,60d10503b38976552a1b35da,german,nonnative,male,emb5,0.5001126527786255
346,60d440a71dc9476a8ae48cae,german,nonnative,male,emb5,0.5000710487365723
347,60b819266c656fa8a43d5be1,german,nonnative,male,emb5,0.4999330043792724
348,6046c35a85aec60f5a09d11c,german,nonnative,male,emb5,0.5000415444374084
349,60bfc9efc639f29ac485ac6d,german,nonnative,female,emb5,0.4999150037765503
350,60060089125e50636ad6719e,german,nonnative,female,emb5,0.5001127123832703
351,60c9f510282b994f965f122d,german,nonnative,male,emb5,0.499994158744812
352,5c33373d01439b0001a09cdc,german,nonnative,male,emb5,0.500129222869873
353,60df43042ab7b3826861bb39,german,nonnative,male,emb5,0.4999188184738159
354,5fef28c2feba31d456459420,german,nonnative,female,emb5,0.5000913739204407
355,5f84ace0af0c021529fc4e3d,german,nonnative,male,emb5,0.4998243451118469
356,60140a6677aab7353e504619,german,nonnative,male,emb5,0.4999381303787231
357,5fb6d4a5ed317d13eac3455e,german,nonnative,male,emb5,0.5000680088996887
358,5f58c7ac49483e055a5b96bb,german,nonnative,male,emb5,0.4998624622821808
359,60fdb038bb7b41e60152a00c,german,nonnative,female,emb5,0.49986532330513
360,5f74af468549be0a901bd70a,english_uk,native,female,emb6,0.5000151991844177
361,5f48b22e88eb74375510b57c,english_uk,native,male,emb6,0.5000606179237366
362,5f53c41a05affe6fdbed5168,english_uk,native,female,emb6,0.5000169277191162
363,60d65a2e6e744e4596cba461,english_uk,native,male,emb6,0.5000622868537903
364,5ea1c0f9b35e1109bb93dd20,english_uk,native,female,emb6,0.4996375143527984
365,609308bde839875a0ed8b8a9,english_uk,native,female,emb6,0.4999843835830688
366,5e94860a9ad2942dc5015711,english_uk,native,female,emb6,0.4998836815357208
367,60c75ff4ee16aa04cfcd60bf,english_uk,native,male,emb6,0.5000895261764526
368,60c7aec75ed5135a58faf813,english_uk,native,female,emb6,0.4997583627700805
369,60d0aebb6fc0867a91db8282,english_uk,native,female,emb6,0.4999442100524902
370,608fef0be7832b05dfd9d56d,english_uk,native,male,emb6,0.5000227689743042
371,6078421a82b88488a16a2b1f,english_uk,native,female,emb6,0.4999731779098511
372,6058dba20257f28be1920c5c,english_uk,native,female,emb6,0.5000739097595215
373,611e6e0371738becff3551d8,english_uk,native,female,emb6,0.5000094771385193
374,61150dc88df7514d99d56af5,english_uk,native,female,emb6,0.5000920295715332
375,5fa3828e70d44c68e35ca305,english_uk,native,male,emb6,0.5000661611557007
376,61203db5c472e102f6a31867,english_uk,native,male,emb6,0.5001686215400696
377,602d25c3cc46516b77b98c28,english_uk,native,female,emb6,0.5002008080482483
378,61197b469838f3a6ccfe0b9a,english_uk,native,female,emb6,0.499940276145935
379,611d378f0cce9add359a8324,english_uk,native,female,emb6,0.5000282526016235
380,60cf278fb23e7b5ac8967490,french,nonnative,female,emb6,0.4999761581420898
381,600816c1eaebcf3751af6865,french,nonnative,female,emb6,0.500139057636261
382,5fc10a0a31a39e0a308b6194,french,nonnative,female,emb6,0.4999831914901733
383,60698d567b61f5cd0c57b368,french,nonnative,female,emb6,0.5001310706138611
384,60c79f56a6ace233a690c537,french,nonnative,female,emb6,0.500083863735199
385,5feb5b328422b4722c08843f,french,nonnative,male,emb6,0.4997978508472442
386,5c6c0ed215875900019bf4d8,french,nonnative,male,emb6,0.4999700784683227
387,60c7cc3edbfd3121e3b553fb,french,nonnative,male,emb6,0.4999698996543884
388,608ae665000987dee19d8934,french,nonnative,male,emb6,0.5000208020210266
389,60a10e1de3ee3737f08a517c,french,nonnative,female,emb6,0.4998838007450104
390,60cb146b583ee0d79a7e80cc,french,nonnative,male,emb6,0.5001204013824463
391,601efedca5824c3e2767c892,french,nonnative,female,emb6,0.4999552369117737
392,60c9019448ea85dc9d85dbdc,french,nonnative,female,emb6,0.4999666213989258
393,5e70e14f8cd169064e5781e9,french,nonnative,male,emb6,0.5001275539398193
394,6001bef6297b5c0f7f6d089b,french,nonnative,male,emb6,0.4999148249626159
395,60db302f9c0d570c7f2e7653,french,nonnative,female,emb6,0.5000134706497192
396,606601c0d781efb83ac2dce4,french,nonnative,male,emb6,0.5000343918800354
397,61070401a557fd863bd0ac26,french,nonnative,male,emb6,0.4999727010726928
398,61090783a01b97fbe95024dc,french,nonnative,female,emb6,0.5001417994499207
399,610bf50184d89a31761e243d,french,nonnative,male,emb6,0.500430166721344
400,60d5c473efa1cf467e529129,german,nonnative,female,emb6,0.4999969005584717
401,60cb0517890a97786899d2ea,german,nonnative,female,emb6,0.4999035894870758
402,601801e07f813cac4bdde144,german,nonnative,male,emb6,0.4999220371246338
403,60da21dd73dff4888b35564f,german,nonnative,male,emb6,0.500001072883606
404,5f4cd7926e1f3e8ed56bd215,german,nonnative,male,emb6,0.5001112222671509
405,60d10503b38976552a1b35da,german,nonnative,male,emb6,0.5001270174980164
406,60d440a71dc9476a8ae48cae,german,nonnative,male,emb6,0.5000365376472473
407,60b819266c656fa8a43d5be1,german,nonnative,male,emb6,0.5001108050346375
408,6046c35a85aec60f5a09d11c,german,nonnative,male,emb6,0.4999227523803711
409,60bfc9efc639f29ac485ac6d,german,nonnative,female,emb6,0.4998298287391662
410,60060089125e50636ad6719e,german,nonnative,female,emb6,0.5000695586204529
411,60c9f510282b994f965f122d,german,nonnative,male,emb6,0.4999865293502807
412,5c33373d01439b0001a09cdc,german,nonnative,male,emb6,0.4999518394470215
413,60df43042ab7b3826861bb39,german,nonnative,male,emb6,0.5000255703926086
414,5fef28c2feba31d456459420,german,nonnative,female,emb6,0.4999876022338867
415,5f84ace0af0c021529fc4e3d,german,nonnative,male,emb6,0.4998236298561096
416,60140a6677aab7353e504619,german,nonnative,male,emb6,0.4999082386493683
417,5fb6d4a5ed317d13eac3455e,german,nonnative,male,emb6,0.5000430345535278
418,5f58c7ac49483e055a5b96bb,german,nonnative,male,emb6,0.4997744262218475
419,60fdb038bb7b41e60152a00c,german,nonnative,female,emb6,0.4998098015785217
420,5f74af468549be0a901bd70a,english_uk,native,female,emb7,0.5000817179679871
421,5f48b22e88eb74375510b57c,english_uk,native,male,emb7,0.5000429749488831
422,5f53c41a05affe6fdbed5168,english_uk,native,female,emb7,0.5000297427177429
423,60d65a2e6e744e4596cba461,english_uk,native,male,emb7,0.5000558495521545
424,5ea1c0f9b35e1109bb93dd20,english_uk,native,female,emb7,0.4997762143611908
425,609308bde839875a0ed8b8a9,english_uk,native,female,emb7,0.4999653100967407
426,5e94860a9ad2942dc5015711,english_uk,native,female,emb7,0.499764084815979
427,60c75ff4ee16aa04cfcd60bf,english_uk,native,male,emb7,0.500038206577301
428,60c7aec75ed5135a58faf813,english_uk,native,female,emb7,0.4998821318149566
429,60d0aebb6fc0867a91db8282,english_uk,native,female,emb7,0.499879390001297
430,608fef0be7832b05dfd9d56d,english_uk,native,male,emb7,0.5000738501548767
431,6078421a82b88488a16a2b1f,english_uk,native,female,emb7,0.4999852776527405
432,6058dba20257f28be1920c5c,english_uk,native,female,emb7,0.5000030994415283
433,611e6e0371738becff3551d8,english_uk,native,female,emb7,0.5000211596488953
434,61150dc88df7514d99d56af5,english_uk,native,female,emb7,0.5000045299530029
435,5fa3828e70d44c68e35ca305,english_uk,native,male,emb7,0.5000297427177429
436,61203db5c472e102f6a31867,english_uk,native,male,emb7,0.5002157688140869
437,602d25c3cc46516b77b98c28,english_uk,native,female,emb7,0.4999551177024841
438,61197b469838f3a6ccfe0b9a,english_uk,native,female,emb7,0.4998713433742523
439,611d378f0cce9add359a8324,english_uk,native,female,emb7,0.4999667406082153
440,60cf278fb23e7b5ac8967490,french,nonnative,female,emb7,0.5000301003456116
441,600816c1eaebcf3751af6865,french,nonnative,female,emb7,0.5000295639038086
442,5fc10a0a31a39e0a308b6194,french,nonnative,female,emb7,0.4999251365661621
443,60698d567b61f5cd0c57b368,french,nonnative,female,emb7,0.5001775622367859
444,60c79f56a6ace233a690c537,french,nonnative,female,emb7,0.5000649690628052
445,5feb5b328422b4722c08843f,french,nonnative,male,emb7,0.4997824728488922
446,5c6c0ed215875900019bf4d8,french,nonnative,male,emb7,0.4998138546943664
447,60c7cc3edbfd3121e3b553fb,french,nonnative,male,emb7,0.4998410940170288
448,608ae665000987dee19d8934,french,nonnative,male,emb7,0.4999527931213379
449,60a10e1de3ee3737f08a517c,french,nonnative,female,emb7,0.4999992847442627
450,60cb146b583ee0d79a7e80cc,french,nonnative,male,emb7,0.4999618530273437
451,601efedca5824c3e2767c892,french,nonnative,female,emb7,0.4998802244663238
452,60c9019448ea85dc9d85dbdc,french,nonnative,female,emb7,0.4999427795410156
453,5e70e14f8cd169064e5781e9,french,nonnative,male,emb7,0.5001178979873657
454,6001bef6297b5c0f7f6d089b,french,nonnative,male,emb7,0.500052809715271
455,60db302f9c0d570c7f2e7653,french,nonnative,female,emb7,0.5000470280647278
456,606601c0d781efb83ac2dce4,french,nonnative,male,emb7,0.4998853504657745
457,61070401a557fd863bd0ac26,french,nonnative,male,emb7,0.4998743832111358
458,61090783a01b97fbe95024dc,french,nonnative,female,emb7,0.5001436471939087
459,610bf50184d89a31761e243d,french,nonnative,male,emb7,0.5001286864280701
460,60d5c473efa1cf467e529129,german,nonnative,female,emb7,0.5001726150512695
461,60cb0517890a97786899d2ea,german,nonnative,female,emb7,0.499981164932251
462,601801e07f813cac4bdde144,german,nonnative,male,emb7,0.4999884963035583
463,60da21dd73dff4888b35564f,german,nonnative,male,emb7,0.5000349879264832
464,5f4cd7926e1f3e8ed56bd215,german,nonnative,male,emb7,0.5001116394996643
465,60d10503b38976552a1b35da,german,nonnative,male,emb7,0.500102698802948
466,60d440a71dc9476a8ae48cae,german,nonnative,male,emb7,0.5000578165054321
467,60b819266c656fa8a43d5be1,german,nonnative,male,emb7,0.4999698400497436
468,6046c35a85aec60f5a09d11c,german,nonnative,male,emb7,0.4999651908874511
469,60bfc9efc639f29ac485ac6d,german,nonnative,female,emb7,0.4999812841415405
470,60060089125e50636ad6719e,german,nonnative,female,emb7,0.5000364184379578
471,60c9f510282b994f965f122d,german,nonnative,male,emb7,0.5000465512275696
472,5c33373d01439b0001a09cdc,german,nonnative,male,emb7,0.4999722242355346
473,60df43042ab7b3826861bb39,german,nonnative,male,emb7,0.4999337196350097
474,5fef28c2feba31d456459420,german,nonnative,female,emb7,0.4999815225601196
475,5f84ace0af0c021529fc4e3d,german,nonnative,male,emb7,0.4998068511486053
476,60140a6677aab7353e504619,german,nonnative,male,emb7,0.4999974966049194
477,5fb6d4a5ed317d13eac3455e,german,nonnative,male,emb7,0.4999957084655761
478,5f58c7ac49483e055a5b96bb,german,nonnative,male,emb7,0.4999140501022339
479,60fdb038bb7b41e60152a00c,german,nonnative,female,emb7,0.4999128878116607
